filename,code
000000,VLMZ65
000001,6QM7IU
000002,L8OSK5
000003,SB8EYJ
000004,BZH624
000005,GFA9N0
000006,KANFCL
000007,1Y4KBD
000008,0F92KB
000009,Y8ZAIP
000010,O9GZBU
000011,E3CT5O
000012,76YG2A
000013,LE7PBN
000014,MWXFZ6
000015,065X9D
000016,51Z4XR
000017,SBGDML
000018,6NYRD5
000019,K3JCT0
000020,JMGK72
000021,2P14RY
000022,RIFCPH
000023,R9CEFH
000024,QYG2P3
000025,XZLY6T
000026,83YAFT
000027,7ZRWQ9
000028,SC8DP9
000029,9JMGSL
000030,6N85J4
000031,SIO40T
000032,FELUTR
000033,FWZS52
000034,0PSM8W
000035,KMSNGP
000036,G0C87X
000037,E4BQDG
000038,FPQ0J7
000039,B3P7YU
000000,3ZAS6C
000001,SZDECL
000002,OBL9FH
000003,S2W3KA
000004,25V9Z8
000000,A1DR7B
000001,Y8O3CW
000002,C4R5MO
000003,VQ41TJ
000004,AEF0L2
